date,start,stop,distance,calories,steps
2021-01-06,11:02,11:32,170,4,274
2021-01-06,18:06,18:27,122,5,197
2021-01-06,21:41,21:58,129,3,208
2021-01-07,08:21,08:30,75,2,121
2021-01-07,17:42,17:59,72,3,117
2021-01-08,08:15,08:32,81,2,131
2021-01-08,09:50,10:04,94,3,152
2021-01-08,13:32,13:43,95,2,153
2021-01-08,21:08,21:23,174,4,279
2021-01-09,08:18,08:36,99,2,160
2021-01-09,13:05,13:20,90,2,145
2021-01-09,18:13,18:20,61,2,98
2021-01-10,09:49,09:53,51,1,83
2021-01-10,18:06,18:13,130,3,210
2021-01-11,08:13,08:29,49,1,80
2021-01-11,18:18,18:33,107,3,173
2021-01-12,08:17,08:35,93,3,150
2021-01-12,17:47,18:08,180,4,290
2021-01-13,10:59,11:03,72,2,117
2021-01-13,11:34,11:38,64,2,104
2021-01-13,18:07,18:22,72,2,117
2021-01-13,21:42,21:56,82,2,132
2021-01-14,09:05,09:19,105,3,169
2021-01-14,13:18,13:23,139,4,223
2021-01-14,14:43,15:09,117,2,188
2021-01-14,18:07,18:15,78,2,126
2021-01-14,18:33,18:38,89,3,144
2021-01-15,22:06,22:10,125,3,202
2021-01-16,10:22,10:28,93,2,150
2021-01-16,20:25,20:39,116,3,186
2021-01-16,21:12,21:27,86,2,139
2021-01-17,09:31,09:35,61,2,98
2021-01-17,09:37,09:56,86,2,139
2021-01-17,11:56,12:02,346,10,491
2021-01-17,12:16,12:22,195,4,305
2021-01-17,13:08,13:26,137,4,220
2021-01-17,20:50,21:05,124,3,199
2021-01-18,20:02,20:16,260,7,417
2021-01-19,08:13,08:37,112,4,181
2021-01-19,10:06,10:10,102,2,165
2021-01-19,17:36,17:50,64,3,104
2021-01-19,19:33,19:37,59,2,96
2021-01-20,08:15,08:24,65,2,105
2021-01-20,20:01,20:16,279,8,448
2021-01-21,12:04,12:09,155,3,250
2021-01-21,13:25,13:33,129,4,207
2021-01-21,13:34,13:39,466,15,628
2021-01-21,13:53,13:59,200,6,320
2021-01-21,14:06,14:21,255,6,409
2021-01-21,14:22,14:27,550,17,690
2021-01-21,19:51,19:55,167,5,252
2021-01-22,11:00,11:04,245,7,371
2021-01-22,12:18,12:25,104,2,167
2021-01-22,17:06,17:19,118,3,190
2021-01-22,19:44,19:50,181,3,291
2021-01-23,09:25,09:42,31,1,51
2021-01-23,10:45,11:07,49,2,80
2021-01-23,14:23,14:30,107,3,173
2021-01-23,15:42,15:56,96,2,155
2021-01-23,18:01,18:18,102,3,164
2021-01-24,09:28,09:40,56,2,91
2021-01-24,12:01,12:07,316,9,448
2021-01-24,12:14,12:30,177,5,280
2021-01-25,08:12,08:28,84,2,135
2021-01-25,17:32,17:56,130,4,210
2021-01-25,18:57,19:12,317,10,491
2021-01-26,11:38,11:50,191,5,307
2021-01-26,12:22,12:36,170,4,273
2021-01-26,12:38,13:02,106,3,171
2021-01-26,13:04,13:12,205,5,329
2021-01-26,15:17,15:36,80,2,129
2021-01-26,17:56,18:09,117,3,189
2021-01-27,08:05,08:14,84,2,136
2021-01-27,11:56,12:01,164,4,263
2021-01-27,15:22,15:31,99,3,160
2021-01-27,17:41,17:47,130,3,209
2021-01-27,18:59,19:19,113,4,182
2021-01-28,11:01,11:15,76,2,122
2021-01-28,12:51,13:06,256,7,411
2021-01-28,13:08,13:31,275,7,430
2021-01-28,13:32,13:36,439,13,575
2021-01-28,13:59,14:08,320,9,498
2021-01-28,14:16,14:26,284,7,455
2021-01-28,15:05,15:09,126,3,203
2021-01-28,15:11,15:28,122,3,196
2021-01-28,15:39,15:43,420,13,590
2021-01-28,15:44,16:11,180,5,289
2021-01-28,21:46,21:58,72,2,117
2021-01-29,08:14,08:20,38,2,61
2021-01-29,13:28,13:46,68,2,110
2021-01-29,13:47,13:52,144,3,231
2021-01-29,13:53,13:57,412,13,568
2021-01-29,14:07,14:11,171,5,260
2021-01-29,14:13,14:30,383,11,596
2021-01-29,14:31,14:35,119,2,191
2021-01-29,14:44,14:49,585,18,712
2021-01-29,14:50,14:54,139,3,221
2021-01-29,18:26,18:32,84,2,135
2021-01-30,17:03,17:24,149,4,239
2021-01-30,17:40,17:53,72,3,117
2021-01-30,20:52,20:56,91,2,146
2021-01-31,09:31,09:57,102,3,165
2021-01-31,12:42,13:01,141,3,227
2021-01-31,18:18,18:48,215,8,346
2021-01-31,22:49,23:08,93,3,150
2021-02-01,08:16,08:27,60,1,97
2021-02-01,12:20,12:35,134,3,215
2021-02-01,12:46,13:00,91,2,147
2021-02-01,21:41,21:57,92,2,149
2021-02-02,12:23,12:31,217,6,346
2021-02-02,12:32,12:51,227,6,362
2021-02-02,12:53,12:57,65,2,105
2021-02-02,15:05,15:20,106,2,171
2021-02-03,08:32,08:52,129,3,208
2021-02-03,10:08,10:14,108,3,174
2021-02-03,12:25,12:29,45,2,73
2021-02-04,08:17,08:28,167,4,268
2021-02-04,08:41,08:52,377,9,587
2021-02-04,08:53,09:02,434,13,631
2021-02-04,13:03,13:16,147,4,237
2021-02-04,13:17,13:24,699,22,991
2021-02-04,21:34,21:49,62,2,101
2021-02-05,08:33,08:49,637,19,976
2021-02-05,10:24,10:28,112,2,181
2021-02-05,11:10,11:14,191,4,295
2021-02-05,12:56,13:07,470,14,709
2021-02-05,13:17,13:29,362,9,582
2021-02-06,08:36,08:48,310,6,498
2021-02-06,08:49,08:53,435,13,586
2021-02-06,10:23,10:27,145,4,233
2021-02-06,12:21,12:31,119,3,192
2021-02-06,12:32,12:40,796,25,1055
2021-02-07,09:27,09:45,149,5,239
2021-02-07,13:00,13:14,118,3,190
2021-02-07,13:25,13:32,107,3,172
2021-02-08,07:58,08:06,125,4,201
2021-02-08,08:17,08:28,301,7,484
2021-02-08,08:32,08:39,681,21,936
2021-02-08,08:41,08:56,244,7,381
2021-02-08,10:40,10:49,837,26,1141
2021-02-08,22:19,22:27,191,6,286
2021-02-09,15:11,15:20,99,2,159
2021-02-09,17:26,17:40,82,2,132
2021-02-10,13:51,13:57,74,2,119
2021-02-11,08:30,08:46,94,3,151
2021-02-12,08:49,09:06,97,4,157
2021-02-12,17:38,17:51,53,2,86
2021-02-13,09:27,09:32,51,2,83
2021-02-13,09:41,09:49,116,3,187
2021-02-13,10:04,10:10,153,4,246
2021-02-13,11:01,11:12,257,7,413
2021-02-13,14:17,14:29,82,2,132
2021-02-13,18:25,18:46,85,2,137
2021-02-14,09:48,10:09,122,3,197
2021-02-14,10:51,11:06,31,1,50
2021-02-14,21:35,21:40,64,2,104
2021-02-15,09:21,09:33,103,3,166
2021-02-15,13:56,14:11,240,6,385
2021-02-16,14:35,14:49,88,2,142
2021-02-16,17:19,17:29,53,1,85
2021-02-16,20:13,20:17,132,2,213
2021-02-17,10:19,10:37,56,2,90
2021-02-17,12:04,12:22,97,3,156
2021-02-17,20:49,21:11,84,2,135
2021-02-18,08:44,09:03,110,4,177
2021-02-18,11:10,11:18,107,2,173
2021-02-18,13:50,14:14,130,3,209
2021-02-18,17:37,18:00,110,3,177
2021-02-19,09:08,09:12,76,2,123
2021-02-19,16:52,16:58,79,2,128
2021-02-19,17:27,18:06,170,6,274
2021-02-20,09:14,09:37,116,3,186
2021-02-20,11:38,11:46,802,25,1033
2021-02-20,11:47,12:10,480,13,739
2021-02-20,12:46,13:23,424,13,641
2021-02-20,13:31,13:37,361,11,541
2021-02-20,13:48,13:57,668,21,975
2021-02-20,18:02,18:25,171,5,275
2021-02-20,18:26,18:31,95,2,153
2021-02-20,18:35,18:52,142,5,229
2021-02-21,09:43,10:01,133,4,214
2021-02-21,11:50,12:08,46,2,75
2021-02-22,09:12,09:28,75,2,121
2021-02-23,15:30,15:47,83,2,134
2021-02-23,18:24,18:38,100,3,161
2021-02-23,21:28,21:44,119,3,191
2021-02-25,08:12,08:35,428,13,687
2021-02-25,08:55,09:08,90,2,145
2021-02-25,09:14,09:23,203,5,312
2021-02-25,12:01,12:14,327,9,474
2021-02-25,12:15,12:25,936,29,1203
2021-02-25,14:45,14:57,66,1,106
2021-02-26,08:03,08:23,167,6,268
2021-02-26,08:24,08:35,386,8,608
2021-02-26,09:09,09:16,205,6,329
2021-02-26,12:17,12:27,894,28,1142
2021-02-26,21:25,21:36,81,3,130
2021-02-27,07:55,08:29,250,9,392
2021-02-27,08:30,08:38,363,10,556
2021-02-27,09:14,09:20,183,5,278
2021-02-27,13:15,13:30,236,6,369
2021-02-27,13:31,13:40,737,22,1081
2021-02-27,17:57,18:16,82,2,133
2021-02-28,11:11,11:16,178,6,266
2021-02-28,11:34,11:39,160,4,257
2021-03-01,08:22,08:37,446,10,711
2021-03-01,09:11,09:16,190,5,303
2021-03-01,12:02,12:06,182,5,280
2021-03-01,12:18,12:29,980,31,1259
2021-03-01,15:10,15:18,56,1,91
2021-03-01,17:40,18:17,102,4,164
2021-03-02,08:31,08:41,344,7,552
2021-03-02,09:15,09:21,223,6,348
2021-03-02,12:04,12:27,172,6,276
2021-03-02,12:35,12:44,852,27,1062
2021-03-02,17:49,18:02,104,3,168
2021-03-03,08:04,08:08,134,2,215
2021-03-03,08:09,08:28,76,3,123
2021-03-03,08:29,08:48,774,21,1154
2021-03-03,09:11,09:16,200,5,306
2021-03-03,10:32,10:38,242,7,379
2021-03-03,10:47,10:56,884,27,1122
2021-03-04,08:00,08:07,81,2,131
2021-03-04,08:16,08:30,304,8,489
2021-03-04,09:11,09:15,141,4,225
2021-03-04,12:03,12:10,255,7,385
2021-03-04,12:19,12:28,893,28,1133
2021-03-04,13:14,13:23,147,5,237
2021-03-04,13:57,14:08,130,4,198
2021-03-04,14:35,14:49,81,2,131
2021-03-04,17:58,18:25,169,5,272
2021-03-05,09:12,09:16,119,3,191
2021-03-05,09:43,09:56,102,3,165
2021-03-05,10:08,10:19,115,4,185
2021-03-05,10:36,10:42,88,2,142
2021-03-05,10:43,11:22,237,9,380
2021-03-05,11:23,11:27,82,2,132
2021-03-05,11:40,11:51,311,8,499
2021-03-05,15:14,15:30,91,3,146
2021-03-06,07:37,07:41,71,2,115
2021-03-06,08:03,08:47,367,9,590
2021-03-06,09:12,09:17,207,4,332
2021-03-06,10:33,10:37,67,2,109
2021-03-06,13:41,13:45,82,2,133
2021-03-06,17:02,17:21,116,3,186
2021-03-06,17:56,18:01,155,3,249
2021-03-06,18:14,18:18,99,2,160
2021-03-06,18:24,18:51,575,17,902
2021-03-06,19:00,19:13,432,12,690
2021-03-06,20:43,20:47,86,2,139
2021-03-06,21:04,21:13,117,4,188
2021-03-06,21:19,21:29,203,5,327
2021-03-06,22:06,22:19,354,10,531
2021-03-07,12:05,12:34,287,8,460
2021-03-07,12:35,12:39,55,1,89
2021-03-07,23:45,23:59,51,1,83
2021-03-08,06:29,06:33,53,1,85
2021-03-08,07:17,07:21,41,2,67
2021-03-08,07:30,07:34,49,2,80
2021-03-08,09:58,10:03,117,3,188
2021-03-08,19:30,19:39,289,8,456
2021-03-08,19:48,19:55,118,3,190
2021-03-08,20:03,20:24,402,11,646
2021-03-08,20:31,20:57,185,5,298
2021-03-08,21:17,21:48,139,5,224
2021-03-09,08:31,08:50,84,3,135
2021-03-09,09:55,09:59,51,2,83
2021-03-09,11:44,12:02,88,3,142
2021-03-09,12:31,12:50,94,4,152
2021-03-09,12:51,12:57,116,3,187
2021-03-09,12:58,13:25,142,5,229
2021-03-09,14:01,14:27,119,4,191
2021-03-09,17:53,18:08,140,4,225
2021-03-09,20:25,20:43,128,3,206
2021-03-09,20:49,21:03,102,3,165
2021-03-09,22:05,22:14,92,2,148
2021-03-10,08:56,09:13,193,4,310
2021-03-10,14:07,14:25,75,2,121
2021-03-10,20:50,20:55,68,2,110
2021-03-10,21:09,21:14,105,3,169
2021-03-11,07:10,07:32,65,3,105
2021-03-11,09:10,09:14,101,2,162
2021-03-11,11:13,11:17,76,2,122
2021-03-11,11:44,11:48,136,4,219
2021-03-11,13:57,14:11,97,3,156
2021-03-11,17:14,17:32,61,2,98
2021-03-12,09:03,09:07,65,2,105
2021-03-12,14:47,14:51,91,2,146
2021-03-12,17:33,17:46,90,2,145
2021-03-13,17:22,17:43,121,4,195
2021-03-13,18:40,18:55,76,3,122
2021-03-13,18:56,19:01,78,2,126
2021-03-13,21:59,22:15,73,2,118
2021-03-14,07:43,07:48,66,2,107
2021-03-14,07:57,08:05,59,2,95
2021-03-14,08:18,08:25,159,4,256
2021-03-14,14:20,14:35,101,3,162
2021-03-14,16:21,16:29,178,4,286
2021-03-14,16:31,16:53,86,4,139
2021-03-14,18:01,18:21,909,28,1380
2021-03-14,18:28,18:49,537,15,848
2021-03-14,19:02,19:21,366,10,574
2021-03-14,19:28,19:42,166,4,267
2021-03-14,20:52,20:58,132,3,213
2021-03-15,08:46,09:10,114,3,183
2021-03-15,11:37,12:02,578,17,862
2021-03-15,12:03,12:10,221,6,348
2021-03-15,14:37,14:52,100,3,161
2021-03-15,17:20,17:27,87,3,140
2021-03-15,21:40,21:53,61,2,98
2021-03-16,15:44,15:50,136,4,219
2021-03-16,16:58,17:16,124,3,199
2021-03-16,18:24,18:39,42,2,68
2021-03-17,10:24,10:29,109,3,175
2021-03-17,10:34,10:41,710,22,944
2021-03-17,10:55,11:04,207,5,322
2021-03-17,11:14,11:28,448,14,648
2021-03-17,11:38,11:42,175,4,281
2021-03-17,13:01,13:06,29,1,48
2021-03-17,13:13,13:32,81,2,130
2021-03-17,13:48,13:52,82,2,132
2021-03-17,14:05,14:09,68,2,110
2021-03-18,08:12,08:27,83,2,134
2021-03-18,11:58,12:19,134,5,215
2021-03-18,12:31,12:48,508,12,807
2021-03-18,13:35,13:39,54,1,88
2021-03-18,17:12,17:21,820,25,1110
2021-03-18,21:30,21:45,52,2,84
2021-03-19,10:52,10:57,145,3,234
2021-03-19,11:24,11:45,127,3,205
2021-03-19,16:54,17:25,185,5,298
2021-03-19,20:58,21:18,160,5,257
2021-03-19,23:01,23:07,103,2,166
2021-03-19,23:29,23:35,87,2,141
2021-03-20,06:08,06:14,79,2,127
2021-03-20,07:10,07:31,208,6,335
2021-03-20,08:09,08:20,146,4,235
2021-03-20,10:19,10:36,67,2,109
2021-03-20,13:08,13:24,216,5,347
2021-03-20,13:32,13:40,255,7,382
2021-03-20,16:32,16:39,218,7,311
2021-03-20,17:01,17:15,115,3,185
2021-03-20,17:16,17:25,880,27,1119
2021-03-21,09:24,09:48,81,2,130
2021-03-21,14:47,15:02,137,3,219
2021-03-21,18:24,18:49,58,2,93
2021-03-21,21:40,21:53,101,2,163
2021-03-22,14:39,14:43,74,2,120
2021-03-22,17:43,17:53,96,2,154
2021-03-22,19:22,19:26,145,3,234
2021-03-22,23:03,23:07,35,1,57
2021-03-23,08:25,08:48,89,3,144
2021-03-23,09:17,09:34,96,3,154
2021-03-24,10:07,10:11,102,2,164
2021-03-24,11:40,11:49,94,2,152
2021-03-24,12:08,12:12,72,2,117
2021-03-24,14:30,14:47,127,3,204
2021-03-24,17:40,17:54,66,2,107
2021-03-25,12:38,12:51,96,2,154
2021-03-25,12:58,13:07,175,5,271
2021-03-25,13:34,13:40,247,8,379
2021-03-25,16:32,16:44,159,5,255
2021-03-25,16:46,16:50,105,2,169
2021-03-25,16:51,16:59,774,24,1093
2021-03-26,11:25,11:30,149,3,239
2021-03-26,11:58,12:06,106,3,170
2021-03-27,12:44,12:48,127,3,205
2021-03-27,13:33,13:43,252,7,392
2021-03-27,16:43,16:53,956,30,1242
2021-03-27,16:54,17:06,222,6,357
2021-03-27,17:31,17:47,87,3,140
2021-03-27,21:28,21:58,75,1,121
2021-03-27,23:09,23:17,46,2,74
2021-03-28,08:58,09:15,187,5,300
2021-03-29,11:16,11:24,111,3,178
2021-03-29,12:49,12:55,85,2,137
2021-03-29,16:52,17:11,156,5,251
2021-03-29,17:23,17:32,72,2,116
2021-03-30,08:57,09:12,69,1,111
2021-03-30,12:46,12:51,69,2,111
2021-03-30,12:58,13:11,541,15,808
2021-03-30,13:35,13:40,261,7,399
2021-03-31,11:15,11:26,59,1,95
2021-03-31,11:36,11:40,93,3,150
2021-03-31,12:39,12:46,57,2,92
2021-03-31,15:19,15:23,155,4,235
2021-03-31,15:51,15:59,720,22,1068
2021-03-31,19:58,20:14,240,9,385
2021-04-01,09:55,10:01,165,4,258
2021-04-01,10:12,10:23,135,3,217
2021-04-02,10:01,10:06,139,3,224
2021-04-02,10:29,10:53,209,5,336
2021-04-02,12:45,12:53,131,3,211
2021-04-02,13:40,13:47,89,3,143
2021-04-02,14:07,14:11,108,3,151
2021-04-02,20:45,21:02,120,3,194
2021-04-03,08:57,09:07,80,2,129
2021-04-03,11:42,12:04,213,8,331
2021-04-03,12:05,12:10,100,2,161
2021-04-03,17:45,17:48,58,2,93
2021-04-04,17:40,17:48,114,4,184
2021-04-04,17:57,18:02,76,2,123
2021-04-04,18:04,18:31,136,4,219
2021-04-04,21:23,21:37,85,2,137
2021-04-05,10:45,10:56,240,5,385
2021-04-05,15:15,15:27,119,3,192
2021-04-06,17:58,18:19,346,9,516
2021-04-07,17:35,17:48,77,3,124
2021-04-08,09:22,09:36,79,2,127
2021-04-08,17:30,17:48,101,3,163
2021-04-08,19:00,19:11,210,4,337
2021-04-08,21:22,21:38,66,1,106
2021-04-09,12:26,12:43,102,3,164
2021-04-09,16:06,16:22,137,3,220
2021-04-09,16:23,16:31,157,4,252
2021-04-09,17:44,18:06,238,8,382
2021-04-09,18:07,18:13,107,2,172
2021-04-09,18:20,18:25,145,4,234
2021-04-09,18:27,18:39,129,4,208
2021-04-09,18:51,18:55,60,2,97
2021-04-09,19:42,20:06,92,3,149
2021-04-09,20:46,21:00,102,3,164
2021-04-09,21:55,22:25,363,10,583
2021-04-09,22:56,23:22,119,3,192
2021-04-09,23:26,23:34,198,5,318
2021-04-10,11:28,11:42,134,4,215
2021-04-10,11:43,11:47,70,2,113
2021-04-10,11:49,12:16,221,6,355
2021-04-10,12:17,12:34,319,6,513
2021-04-10,12:52,13:21,841,24,1343
2021-04-10,13:29,13:36,205,4,330
2021-04-10,13:44,13:59,460,13,739
2021-04-10,14:09,14:13,124,3,193
2021-04-10,14:27,14:33,157,4,252
2021-04-10,15:33,15:45,147,4,237
2021-04-10,15:51,16:07,53,2,86
2021-04-10,16:08,16:22,316,9,507
2021-04-11,09:29,09:48,110,3,177
2021-04-11,11:20,11:26,171,4,275
2021-04-11,11:41,11:45,91,2,146
2021-04-11,14:03,14:25,76,2,123
2021-04-11,17:10,17:40,156,6,251
2021-04-11,18:16,18:21,131,4,211
2021-04-11,18:31,18:37,108,2,174
2021-04-12,14:29,14:42,110,4,177
2021-04-12,17:28,17:42,82,3,132
2021-04-12,19:26,19:33,151,3,243
2021-04-13,11:01,11:05,112,3,180
2021-04-13,14:32,14:58,113,4,182
2021-04-14,09:24,09:37,108,3,174
2021-04-14,12:48,13:04,97,3,156
2021-04-14,13:23,13:41,94,2,151
2021-04-14,17:52,18:03,120,3,193
2021-04-14,18:31,18:45,268,7,430
2021-04-15,09:13,09:23,69,2,112
2021-04-15,10:06,10:12,155,3,249
2021-04-15,10:46,11:21,356,10,571
2021-04-15,13:38,14:01,169,5,271
2021-04-16,11:38,11:54,174,5,273
2021-04-16,11:55,12:00,137,3,220
2021-04-16,12:15,12:20,142,3,229
2021-04-16,14:09,14:17,165,4,266
2021-04-16,17:27,17:46,101,3,163
2021-04-16,19:58,20:06,150,4,242
2021-04-17,17:33,17:52,58,3,93
2021-04-17,19:38,19:49,92,3,148
2021-04-18,09:26,09:30,68,2,110
2021-04-18,13:58,14:04,80,2,129
2021-04-19,10:49,10:53,84,3,135
2021-04-19,17:07,17:18,98,3,158
2021-04-20,08:55,08:59,81,3,130
2021-04-20,10:41,11:07,193,7,311
2021-04-20,15:18,15:24,54,1,87
2021-04-20,17:16,17:41,119,4,191
2021-04-21,11:31,11:36,182,4,287
2021-04-21,11:38,11:53,116,3,187
2021-04-21,17:41,17:45,61,2,99
2021-04-21,17:46,18:22,241,9,388
2021-04-22,09:16,09:20,53,2,85
2021-04-22,17:13,17:28,94,3,151
2021-04-22,17:33,17:38,61,2,99
2021-04-22,18:39,18:43,94,2,152
2021-04-23,11:25,11:29,107,3,173
2021-04-24,08:06,08:19,92,2,149
2021-04-24,17:02,17:21,116,4,186
2021-04-25,13:29,13:46,164,4,263
2021-04-25,13:48,13:56,152,4,245
2021-04-26,08:11,08:30,104,4,167
2021-04-26,11:05,11:21,147,4,236
2021-04-26,18:35,18:40,121,3,195
2021-04-27,08:15,08:30,80,2,129
2021-04-27,11:15,11:21,56,2,90
2021-04-27,17:39,17:59,105,4,169
2021-04-27,19:00,19:20,477,12,766
2021-04-28,19:07,19:24,99,2,160
2021-04-28,19:25,19:29,128,2,206
2021-04-28,19:35,19:39,86,2,138
2021-04-29,14:35,14:47,54,1,88
2021-04-29,17:11,17:28,87,3,140
2021-04-29,17:57,18:19,269,7,432
2021-04-30,08:15,08:32,148,3,238
2021-04-30,13:53,13:58,150,3,241
2021-04-30,14:14,14:19,109,2,175
2021-04-30,15:04,15:17,70,2,113
2021-04-30,17:27,17:51,159,5,255
2021-04-30,19:01,19:25,447,13,718
2021-04-30,21:38,21:51,90,3,145
2021-05-01,09:13,09:27,75,2,121
2021-05-01,15:02,15:12,120,2,193
2021-05-01,16:30,16:47,130,4,210
2021-05-01,17:00,17:20,50,2,81
2021-05-02,09:10,09:32,136,4,219
2021-05-02,12:16,12:22,110,3,177
2021-05-02,13:51,14:04,89,2,144
2021-05-02,14:13,14:31,94,3,152
2021-05-02,17:39,17:54,125,3,202
2021-05-02,21:28,21:32,66,2,107
2021-05-02,22:41,22:55,50,2,81
2021-05-03,18:05,18:11,222,6,356
2021-05-03,18:21,18:26,123,2,198
2021-05-03,18:45,18:49,71,2,115
2021-05-03,22:04,22:20,111,3,178
2021-05-04,11:05,11:20,82,4,133
2021-05-04,17:36,17:50,113,3,182
2021-05-04,18:21,18:43,217,8,349
2021-05-04,18:44,18:48,81,2,130
2021-05-05,08:11,08:28,120,4,193
2021-05-05,17:22,17:32,96,2,155
2021-05-05,18:40,18:59,129,3,207
2021-05-06,08:10,08:28,111,3,178
2021-05-06,14:42,14:46,99,2,159
2021-05-06,18:45,19:06,145,4,234
2021-05-07,08:23,08:27,48,1,78
2021-05-07,12:15,12:23,77,2,125
2021-05-07,15:01,15:11,61,2,98
2021-05-07,20:34,20:39,102,3,164
2021-05-08,08:13,08:17,51,2,83
2021-05-08,19:21,19:40,151,5,243
2021-05-09,09:13,09:24,169,5,272
2021-05-10,08:17,08:31,94,2,152
2021-05-10,17:26,17:45,82,4,133
2021-05-10,21:23,21:35,115,3,185
2021-05-11,17:04,17:08,120,3,194
2021-05-11,17:35,17:39,34,1,55
2021-05-11,19:28,19:34,166,5,267
2021-05-11,19:36,19:58,195,7,314
2021-05-11,22:07,22:12,73,2,118
2021-05-12,08:11,08:34,75,2,121
2021-05-12,15:01,15:05,62,2,101
2021-05-12,19:09,19:26,175,4,282
2021-05-12,19:27,19:43,308,8,482
2021-05-12,21:40,21:59,91,2,146
2021-05-13,17:57,18:12,94,3,151
2021-05-13,20:01,20:34,368,12,579
2021-05-14,11:49,11:55,101,3,162
2021-05-14,17:23,17:37,36,1,58
2021-05-14,21:38,21:51,62,1,101
2021-05-15,08:09,08:21,66,2,106
2021-05-15,08:26,08:30,66,2,107
2021-05-15,14:05,14:14,64,2,104
2021-05-16,09:27,09:48,111,3,179
2021-05-16,13:24,13:33,123,3,198
2021-05-17,08:16,08:20,68,2,110
2021-05-17,17:33,18:01,124,4,200
2021-05-17,19:13,19:32,263,8,422
2021-05-18,08:15,08:30,108,3,174
2021-05-18,14:39,14:48,34,1,56
2021-05-18,19:28,19:32,144,2,232
2021-05-19,08:19,08:28,72,2,117
2021-05-19,18:56,19:37,326,9,524
2021-05-20,10:50,11:04,47,1,76
2021-05-20,19:16,19:35,264,9,414
2021-05-20,19:36,19:41,107,3,172
2021-05-20,19:43,19:57,60,1,97
2021-05-21,15:20,15:38,82,3,132
2021-05-21,18:49,18:53,92,2,149
2021-05-21,18:59,19:10,255,6,409
2021-05-22,08:19,08:33,94,3,152
2021-05-23,09:12,09:25,111,3,178
2021-05-23,21:29,21:45,92,2,148
2021-05-24,08:16,08:43,124,5,199
2021-05-24,18:05,18:13,90,3,145
2021-05-24,19:15,19:33,129,4,207
2021-05-24,19:34,19:40,84,2,136
2021-05-24,21:44,22:05,74,2,120
2021-05-25,15:12,15:28,71,2,114
2021-05-25,17:41,17:48,71,2,115
2021-05-25,18:20,18:32,152,5,235
2021-05-25,18:36,18:42,79,2,128
2021-05-25,18:44,19:00,127,3,204
2021-05-25,19:16,19:22,31,1,51
2021-05-26,08:10,08:30,93,4,150
2021-05-26,10:07,10:25,73,2,118
2021-05-26,15:13,15:22,106,2,171
2021-05-26,19:05,19:21,339,11,497
2021-05-26,19:22,19:29,130,3,210
2021-05-27,08:19,08:30,59,2,95
2021-05-27,14:53,14:57,66,2,107
2021-05-27,19:04,19:25,233,8,364
2021-05-27,21:29,21:43,70,2,113
2021-05-28,08:16,08:34,86,4,139
2021-05-28,15:04,15:11,65,1,105
2021-05-28,17:38,17:52,75,2,121
2021-05-28,19:05,19:32,337,11,523
2021-05-28,21:38,21:49,124,4,200
2021-05-29,14:27,14:35,64,2,103
2021-05-29,15:15,15:27,102,4,165
2021-05-29,20:38,21:10,219,7,352
2021-05-30,09:29,09:45,94,2,152
2021-05-30,12:01,12:19,91,4,147
2021-05-30,17:53,17:57,53,1,85
2021-05-31,08:40,09:05,125,5,202
2021-05-31,12:48,12:52,107,2,173
2021-05-31,18:59,19:05,136,5,184
2021-05-31,19:08,19:13,122,3,197
2021-05-31,19:15,19:29,90,3,145
2021-06-01,11:52,11:58,74,2,119
2021-06-01,21:36,21:54,74,2,119
2021-06-02,19:05,19:29,285,9,427
2021-06-02,19:30,19:34,58,1,94
2021-06-02,21:47,22:02,114,3,183
2021-06-03,15:07,15:20,114,3,184
2021-06-03,18:22,18:37,193,3,310
2021-06-04,08:06,08:21,62,2,101
2021-06-04,19:12,19:26,276,9,406
2021-06-04,19:37,19:45,180,5,289
2021-06-05,08:10,08:27,105,3,169
2021-06-05,16:42,16:46,61,2,99
2021-06-05,17:21,17:40,122,5,196
2021-06-06,09:38,09:59,128,4,206
2021-06-06,10:23,10:41,93,3,150
2021-06-06,11:56,12:01,132,3,212
2021-06-06,13:24,13:28,288,12,383
2021-06-06,15:32,15:43,74,1,120
2021-06-07,08:42,08:57,110,3,177
2021-06-07,15:07,15:12,150,4,241
2021-06-07,17:15,17:35,61,2,99
2021-06-07,19:03,19:07,181,4,291
2021-06-07,19:09,19:24,111,3,178
2021-06-07,20:55,21:09,147,4,232
2021-06-08,12:54,12:59,71,2,114
2021-06-08,19:02,19:08,211,6,322
2021-06-08,20:15,20:35,81,4,130
2021-06-09,19:05,19:11,112,3,180
2021-06-09,19:12,19:46,180,5,290
2021-06-09,21:21,21:36,95,3,153
2021-06-10,08:35,08:51,69,3,111
2021-06-10,12:35,12:54,66,2,107
2021-06-10,14:24,14:30,175,5,272
2021-06-10,14:47,15:00,333,10,535
2021-06-10,21:31,21:47,87,2,140
2021-06-11,08:26,08:38,314,9,505
2021-06-11,08:45,09:05,116,5,186
2021-06-11,09:12,09:26,138,5,219
2021-06-11,10:25,10:29,244,6,359
2021-06-11,10:44,11:04,223,8,358
2021-06-11,15:12,15:32,152,4,244
2021-06-11,17:13,17:28,111,3,179
2021-06-12,11:41,11:56,94,2,151
2021-06-12,17:29,17:42,111,4,178
2021-06-12,21:31,21:46,154,3,248
2021-06-13,09:27,09:44,111,4,178
2021-06-13,15:12,15:18,75,1,121
2021-06-14,15:10,15:14,85,2,137
2021-06-14,15:16,15:29,51,2,83
2021-06-14,17:37,17:42,44,1,72
2021-06-15,23:01,23:08,42,1,68
2021-06-16,08:12,08:24,84,2,136
2021-06-16,21:03,21:17,72,2,116
2021-06-16,23:09,23:16,40,1,65
2021-06-17,08:42,08:53,88,3,142
2021-06-18,08:42,08:49,55,2,89
2021-06-18,15:11,15:30,94,2,151
2021-06-18,21:29,21:41,99,2,159
2021-06-19,14:30,14:40,151,4,230
2021-06-19,17:17,17:35,79,3,128
2021-06-20,09:03,09:17,89,3,143
2021-06-20,13:08,13:12,142,4,229
2021-06-22,08:50,08:54,92,2,149
2021-06-22,15:14,15:23,87,2,141
2021-06-23,08:04,08:29,94,4,152
2021-06-23,10:22,10:30,95,3,153
2021-06-23,11:54,12:12,209,6,336
2021-06-23,14:35,14:39,164,3,263
2021-06-23,15:14,15:29,99,2,159
2021-06-24,08:40,08:44,51,2,83
2021-06-24,12:45,12:51,236,6,379
2021-06-24,17:09,17:13,71,2,114
2021-06-24,17:23,17:40,160,5,257
2021-06-24,17:48,18:13,130,5,210
2021-06-24,21:34,21:45,112,2,181
2021-06-25,13:27,13:36,68,1,110
2021-06-25,14:43,14:54,59,1,96
2021-06-26,08:02,08:09,40,2,65
2021-06-26,08:15,08:29,115,3,185
2021-06-26,17:19,17:31,41,1,67
2021-06-26,19:37,19:54,89,3,144
2021-06-26,20:40,21:02,132,3,212
2021-06-27,11:04,11:08,88,2,142
2021-06-27,21:29,21:48,89,2,144
2021-06-28,08:38,08:42,75,2,121
2021-06-28,17:55,18:05,62,1,100
2021-06-28,19:10,19:14,68,2,110
2021-06-28,19:23,19:27,102,2,164
2021-06-28,19:57,20:03,190,4,316
2021-06-28,21:20,21:25,444,13,624
2021-06-28,21:33,21:50,1340,42,1830
2021-06-28,21:51,21:59,557,17,835
2021-06-28,22:00,22:17,1415,45,1977
2021-06-28,22:18,22:22,314,9,459
2021-06-28,22:25,22:36,1074,34,1470
2021-06-28,22:37,22:50,648,20,941
2021-06-28,22:51,23:04,1627,68,2026
2021-06-28,23:05,23:33,1292,40,1884
2021-06-29,08:32,08:37,50,2,81
2021-06-29,10:54,11:04,42,1,68
2021-06-29,14:54,15:07,92,3,148
2021-06-29,18:59,19:23,338,11,511
2021-06-29,21:15,21:33,76,2,122
2021-06-30,11:49,12:06,148,4,238
2021-06-30,13:46,14:03,106,3,170
2021-06-30,19:16,19:22,165,4,265
2021-06-30,19:24,19:40,145,4,233
2021-07-01,08:38,08:57,128,5,206
2021-07-01,15:11,15:29,76,2,122
2021-07-01,19:07,19:17,159,5,255
2021-07-01,19:25,19:33,76,2,122
2021-07-02,08:44,08:55,107,3,172
2021-07-02,10:52,11:00,169,4,271
2021-07-02,11:50,12:10,142,3,228
2021-07-02,12:50,12:54,88,3,142
2021-07-02,18:58,19:27,411,14,604
2021-07-05,08:39,08:55,92,3,149
2021-07-05,10:51,11:00,135,3,217
2021-07-05,11:52,11:56,128,3,206
2021-07-05,12:51,13:11,62,2,101
2021-07-05,15:11,15:29,84,3,136
2021-07-05,17:44,17:55,54,1,87
2021-07-05,19:18,19:23,86,2,139
2021-07-06,08:49,08:53,48,1,77
2021-07-06,10:43,11:03,144,4,232
2021-07-06,12:40,13:09,117,3,189
2021-07-06,18:58,19:19,463,15,670
2021-07-06,19:30,19:44,489,12,771
2021-07-07,08:14,08:34,113,4,182
2021-07-07,09:51,09:57,131,3,211
2021-07-07,10:53,11:02,165,3,265
2021-07-07,18:51,19:00,262,9,387
2021-07-07,19:35,19:46,545,17,875
2021-07-08,08:42,08:47,86,2,138
2021-07-08,19:13,19:32,236,8,365
2021-07-08,19:33,19:37,79,2,127
2021-07-08,19:49,20:03,530,14,851
2021-07-09,08:42,08:46,61,2,98
2021-07-09,11:27,11:33,245,5,394
2021-07-09,11:54,11:58,62,2,101
2021-07-09,14:31,14:41,159,4,255
2021-07-09,14:51,15:22,172,8,277
2021-07-09,15:45,15:54,479,15,768
2021-07-09,19:28,19:32,52,1,84
2021-07-10,11:00,11:09,160,3,258
2021-07-10,11:53,11:58,54,2,87
2021-07-11,09:04,09:13,89,2,143
2021-07-11,18:30,18:56,691,18,1123
2021-07-11,19:05,19:26,884,27,1412
2021-07-12,08:44,08:59,83,3,134
2021-07-12,10:48,10:59,337,9,541
2021-07-12,11:49,11:58,103,3,166
2021-07-12,12:44,12:59,94,3,151
2021-07-12,19:09,19:31,350,12,508
2021-07-13,09:30,09:39,83,2,134
2021-07-13,10:52,10:57,287,9,448
2021-07-13,14:41,14:52,75,2,121
2021-07-13,17:33,17:58,146,4,235
2021-07-14,08:11,08:27,134,4,215
2021-07-14,10:53,10:57,63,2,102
2021-07-14,11:50,11:56,179,3,287
2021-07-14,17:35,17:39,77,2,124
2021-07-14,17:49,18:01,111,3,178
2021-07-14,19:16,19:40,335,11,509
2021-07-15,08:32,08:51,88,3,142
2021-07-15,11:52,11:56,124,2,199
2021-07-15,15:07,15:22,107,2,173
2021-07-15,18:51,19:02,80,2,129
2021-07-15,19:09,19:20,281,5,452
2021-07-16,08:35,08:44,26,1,42
2021-07-16,09:53,09:58,108,2,174
2021-07-16,17:19,17:23,128,2,206
2021-07-16,17:31,17:54,150,6,241
2021-07-16,19:00,19:19,473,16,675
2021-07-16,19:20,19:25,80,2,129
2021-07-17,08:13,08:27,67,2,108
2021-07-17,09:45,10:08,162,5,261
2021-07-17,17:31,17:51,90,4,145
2021-07-18,12:20,12:24,61,2,98
2021-07-18,13:48,13:59,99,4,159
2021-07-18,17:32,17:49,89,4,143
2021-07-19,19:04,19:38,381,12,597
2021-07-19,19:41,19:55,362,10,581
2021-07-20,08:44,08:55,87,3,141
2021-07-20,09:54,09:58,155,3,250
2021-07-20,10:46,11:00,61,2,99
2021-07-20,19:18,19:26,111,3,178
2021-07-20,19:35,19:40,144,4,231
2021-07-20,19:41,19:57,75,2,121
2021-07-21,18:54,19:13,204,7,304
2021-07-21,19:22,19:43,135,3,217
2021-07-21,21:37,21:50,77,1,125
2021-07-22,10:51,10:58,264,6,416
2021-07-22,11:48,11:54,106,2,171
2021-07-22,15:05,15:17,72,2,117
2021-07-22,19:16,19:23,83,2,134
2021-07-22,19:32,19:40,94,2,152
2021-07-22,21:34,21:47,111,3,179
2021-07-23,12:54,12:58,70,2,113
2021-07-23,15:14,15:28,58,2,94
2021-07-23,17:39,17:55,72,3,117
2021-07-23,21:43,22:01,78,2,126
2021-07-24,10:48,11:02,108,3,174
2021-07-24,17:40,17:51,116,3,186
2021-07-25,12:24,12:29,124,2,199
2021-07-25,15:02,15:10,106,2,171
2021-07-25,18:09,18:23,64,2,104
2021-07-25,23:33,23:37,90,2,145
2021-07-25,23:44,23:53,74,2,120
2021-07-26,08:10,08:14,61,2,98
2021-07-26,11:20,11:28,231,7,371
2021-07-26,13:49,14:07,87,2,140
2021-07-26,19:29,19:44,354,10,565
2021-07-26,19:46,19:59,124,4,200
2021-07-26,23:47,23:52,128,3,206
2021-07-27,09:22,09:26,130,3,209
2021-07-27,19:03,19:26,290,8,465
2021-07-27,21:16,21:28,334,7,536
2021-07-28,08:15,08:19,79,2,128
2021-07-28,09:23,09:29,209,4,336
2021-07-28,10:23,10:28,218,5,350
2021-07-28,15:10,15:23,48,1,77
2021-07-28,17:20,17:25,116,3,187
2021-07-28,18:06,18:23,80,2,129
2021-07-28,18:57,19:30,324,9,521
2021-07-28,21:27,21:48,106,3,170
2021-07-29,08:07,08:18,65,2,105
2021-07-29,09:23,09:27,164,3,264
2021-07-29,10:20,10:28,339,9,544
2021-07-29,11:21,11:28,281,6,452
2021-07-29,15:22,15:37,73,3,118
2021-07-29,18:02,18:24,145,6,233
2021-07-29,19:14,19:19,186,4,299
2021-07-29,19:21,19:49,324,9,514
2021-07-30,09:22,09:28,261,7,419
2021-07-30,10:19,10:28,213,5,342
2021-07-30,11:22,11:27,106,3,171
2021-07-30,12:56,13:19,127,5,205
2021-07-30,17:04,17:08,76,2,123
2021-07-30,18:38,18:52,169,6,271
2021-07-31,07:59,08:14,75,2,121
2021-07-31,11:23,11:29,251,8,389
2021-07-31,12:29,12:49,125,2,202
2021-08-01,11:08,11:12,59,2,96
2021-08-01,13:58,14:04,67,2,109
2021-08-01,17:44,17:48,72,2,117
2021-08-01,20:38,20:42,67,2,108
2021-08-01,21:36,21:59,762,19,1222
2021-08-02,09:22,09:28,276,6,443
2021-08-02,10:20,10:28,173,5,278
2021-08-02,11:22,11:28,261,6,420
2021-08-02,17:55,18:04,98,3,158
2021-08-02,19:23,19:35,155,4,250
2021-08-02,19:37,19:54,74,3,119
2021-08-03,08:14,08:32,104,3,167
2021-08-03,09:20,09:28,354,9,569
2021-08-03,10:23,10:28,151,4,243
2021-08-03,11:16,11:24,135,2,218
2021-08-03,17:24,17:36,232,7,372
2021-08-03,19:01,19:18,182,6,292
2021-08-03,19:19,19:24,112,3,180
2021-08-03,21:09,21:29,136,3,219
2021-08-04,08:04,08:08,95,2,153
2021-08-04,09:17,09:32,115,3,185
2021-08-04,10:21,10:27,238,6,382
2021-08-04,11:22,11:29,223,6,358
2021-08-04,12:16,12:21,64,2,104
2021-08-04,13:01,13:05,77,2,124
2021-08-04,17:44,17:50,64,2,103
2021-08-04,19:12,19:22,142,4,228
2021-08-04,19:31,19:48,183,5,295
2021-08-05,09:21,09:28,344,9,553
2021-08-05,10:20,10:27,262,7,421
2021-08-05,14:39,14:45,117,3,189
2021-08-05,17:39,17:56,132,5,213
2021-08-05,19:02,19:17,187,6,300
2021-08-05,19:18,19:23,119,2,191
2021-08-05,21:19,21:24,107,2,172
2021-08-05,21:45,21:56,63,2,102
2021-08-06,08:13,08:29,89,3,144
2021-08-06,10:35,10:41,312,9,501
2021-08-06,13:04,13:08,91,2,147
2021-08-06,15:11,15:26,121,3,195
2021-08-06,17:11,17:34,173,7,278
2021-08-06,19:16,19:20,77,2,125
2021-08-07,08:14,08:23,86,3,139
2021-08-07,10:20,10:27,239,6,384
2021-08-07,11:21,11:25,147,4,237
2021-08-07,12:19,12:41,289,8,464
2021-08-07,12:53,13:10,365,12,521
2021-08-07,13:11,13:19,187,5,301
2021-08-07,17:42,17:46,99,2,159
2021-08-08,07:46,07:51,68,2,110
2021-08-08,10:42,10:50,168,6,270
2021-08-08,13:25,13:41,150,3,241
2021-08-08,13:58,14:03,140,2,225
2021-08-08,14:28,14:48,162,5,260
2021-08-08,16:44,17:01,112,4,181
2021-08-08,17:02,17:06,121,2,195
2021-08-09,09:21,09:27,321,9,515
2021-08-09,12:06,12:12,634,20,813
2021-08-09,12:42,13:01,560,16,876
2021-08-09,13:02,13:09,445,14,668
2021-08-09,15:05,15:23,102,3,164
2021-08-09,18:38,18:55,118,3,190
2021-08-09,19:05,19:26,132,4,212
2021-08-09,19:27,19:32,88,2,142
2021-08-10,08:08,08:19,73,2,118
2021-08-10,10:41,10:48,321,8,516
2021-08-10,13:44,13:48,46,1,75
2021-08-10,18:07,18:24,117,4,189
2021-08-10,18:43,19:09,354,12,568
2021-08-10,19:10,19:14,104,2,167
2021-08-10,21:27,21:32,92,2,148
2021-08-11,08:53,09:08,109,2,175
2021-08-11,15:06,15:15,409,12,657
2021-08-11,17:12,17:22,140,3,225
2021-08-11,19:00,19:07,135,4,217
2021-08-11,19:19,19:24,114,3,183
2021-08-12,09:15,09:28,59,2,95
2021-08-12,13:31,13:36,127,3,205
2021-08-12,15:09,15:16,123,4,191
2021-08-12,15:23,15:36,460,11,738
2021-08-12,19:07,19:19,295,7,473
2021-08-13,19:03,19:21,179,6,287
2021-08-13,19:28,19:32,123,4,198
2021-08-14,08:41,08:45,67,2,108
2021-08-14,08:47,09:12,112,4,181
2021-08-14,17:37,18:11,159,4,256
2021-08-15,09:13,09:17,79,2,127
2021-08-15,11:59,12:15,111,3,178
2021-08-15,13:10,13:14,88,2,142
2021-08-15,23:07,23:17,40,1,65
2021-08-16,08:16,08:22,599,19,774
2021-08-16,08:23,08:27,143,3,230
2021-08-16,08:48,09:00,268,8,430
2021-08-16,09:13,09:17,182,5,292
2021-08-16,12:07,12:11,131,3,211
2021-08-16,12:13,12:35,110,3,177
2021-08-16,12:45,12:49,167,4,269
2021-08-16,12:50,12:56,619,20,798
2021-08-16,17:18,17:36,79,2,127
2021-08-17,07:33,07:39,39,1,63
2021-08-17,09:39,09:47,290,7,466
2021-08-17,12:20,12:47,158,5,254
2021-08-17,18:08,18:12,97,2,156
2021-08-17,20:15,20:29,59,1,95
2021-08-18,08:21,08:50,633,21,978
2021-08-18,12:06,12:54,4380,144,5522
2021-08-18,17:39,17:59,64,2,104
2021-08-18,19:20,19:39,143,4,230
2021-08-18,19:50,19:54,93,2,150
2021-08-19,09:23,09:46,84,2,135
2021-08-19,19:07,19:23,191,6,307
2021-08-19,19:25,19:39,96,2,155
2021-08-20,10:11,10:16,82,2,133
2021-08-20,10:19,10:30,171,6,263
2021-08-20,15:19,15:31,67,2,108
2021-08-20,18:29,18:44,92,3,148
2021-08-20,18:45,18:51,97,3,157
2021-08-20,21:46,21:56,141,3,227
2021-08-20,23:43,23:47,69,2,111
2021-08-21,10:17,10:44,278,8,446
2021-08-21,11:28,11:36,126,4,203
2021-08-21,13:09,13:25,670,21,985
2021-08-21,13:51,13:59,258,9,393
2021-08-21,15:04,15:11,252,7,399
2021-08-21,15:21,15:34,1228,39,1704
2021-08-21,16:27,16:38,100,3,161
2021-08-22,10:36,11:09,5001,289,5534
2021-08-22,14:45,15:06,99,4,160
2021-08-22,20:50,21:01,75,2,121
2021-08-22,23:36,23:40,71,1,115
2021-08-22,23:41,23:49,63,3,102
2021-08-23,09:56,10:00,125,4,202
2021-08-23,13:02,13:07,95,2,153
2021-08-23,13:20,13:34,459,13,716
2021-08-23,13:48,13:55,265,8,422
2021-08-23,16:31,16:35,289,9,435
2021-08-23,16:36,16:48,1155,38,1497
2021-08-23,16:52,17:06,425,13,662
2021-08-24,09:03,09:13,78,2,126
2021-08-24,11:49,11:59,102,4,165
2021-08-24,12:11,12:31,135,4,217
2021-08-24,12:49,13:01,114,2,184
2021-08-24,13:02,13:14,411,10,636
2021-08-24,13:53,13:59,209,6,330
2021-08-24,16:31,16:46,1400,46,1819
2021-08-24,16:47,16:57,344,10,538
2021-08-24,17:44,18:02,86,4,139
2021-08-24,21:42,21:57,57,2,92
2021-08-24,23:41,23:59,82,3,132
2021-08-25,10:26,10:32,195,4,314
2021-08-25,13:23,13:30,136,3,219
2021-08-25,13:50,13:57,240,7,373
2021-08-25,16:31,16:44,1191,39,1615
2021-08-25,16:45,16:55,258,8,415
2021-08-26,08:14,08:33,73,1,118
2021-08-26,12:06,12:13,94,2,151
2021-08-26,13:04,13:16,364,9,584
2021-08-26,13:51,13:56,281,7,440
2021-08-26,16:33,16:44,1065,34,1396
2021-08-26,16:45,16:55,428,12,683
2021-08-26,17:30,17:35,26,1,43
2021-08-27,08:19,08:26,182,3,292
2021-08-27,11:49,12:00,56,1,90
2021-08-27,12:49,12:56,144,3,231
2021-08-27,13:05,13:14,203,6,326
2021-08-27,13:54,14:00,247,8,394
2021-08-27,16:32,16:53,1844,61,2368
2021-08-27,16:54,17:03,352,9,544
2021-08-27,17:57,18:01,82,2,133
2021-08-28,07:00,07:04,64,2,104
2021-08-28,08:29,08:47,118,4,190
2021-08-28,09:32,09:53,88,2,142
2021-08-28,12:00,12:05,84,2,135
2021-08-28,12:42,12:47,59,2,96
2021-08-28,13:06,13:24,657,19,933
2021-08-28,13:55,14:00,243,7,385
2021-08-28,16:31,16:45,1331,43,1696
2021-08-28,16:52,16:57,275,7,418
2021-08-29,09:34,09:41,118,3,190
2021-08-29,11:32,11:36,58,1,94
2021-08-29,13:23,13:35,60,1,97
2021-08-29,14:03,14:21,79,3,127
2021-08-29,14:33,14:58,144,4,231
2021-08-29,17:59,18:14,69,2,112
2021-08-29,22:34,22:45,43,1,70
2021-08-30,15:25,15:36,152,4,245
2021-08-30,17:34,17:54,104,4,168
2021-08-30,18:47,18:51,93,3,150
2021-08-30,18:53,19:06,109,3,175
2021-08-30,19:18,19:26,336,8,539
2021-08-31,09:05,09:22,104,4,167
2021-08-31,13:00,13:17,56,2,91
2021-08-31,17:35,17:51,86,3,139
2021-08-31,19:01,19:05,105,3,169
2021-08-31,19:07,19:31,251,8,403
2021-08-31,19:32,19:44,434,12,696
2021-09-01,17:24,17:46,85,2,137
2021-09-01,18:42,18:55,238,7,383
2021-09-01,19:14,19:30,586,17,940
2021-09-01,23:34,23:39,18,1,30
2021-09-02,15:23,15:34,83,3,134
2021-09-02,17:08,17:25,122,5,196
2021-09-03,11:46,12:08,192,6,290
2021-09-03,12:29,12:36,73,1,118
2021-09-03,17:58,18:10,102,3,164
2021-09-03,18:46,19:15,337,9,541
2021-09-03,19:16,19:24,354,9,568
2021-09-03,23:39,23:52,68,1,110
2021-09-04,08:51,08:55,54,2,87
2021-09-04,12:13,12:28,68,3,110
2021-09-04,17:38,17:43,62,1,100
2021-09-05,09:30,10:12,2428,78,3719
2021-09-05,10:13,10:53,3435,111,4481
2021-09-05,14:12,14:26,110,3,177
2021-09-05,17:46,18:05,53,2,85
2021-09-06,12:56,13:03,81,3,131
2021-09-06,14:33,14:49,91,2,146
2021-09-06,17:13,17:35,140,5,225
2021-09-06,19:03,19:10,181,5,284
2021-09-06,19:17,19:28,137,3,220
2021-09-07,08:04,08:16,71,1,115
2021-09-07,09:40,09:44,233,7,375
2021-09-07,14:29,14:39,45,1,73
2021-09-07,18:39,19:08,718,23,1068
2021-09-07,19:18,19:27,535,16,829
2021-09-08,08:58,09:06,61,2,98
2021-09-08,11:47,12:05,91,2,146
2021-09-08,14:45,15:01,228,7,366
2021-09-08,15:45,16:33,4206,135,5466
2021-09-08,18:46,18:55,226,5,363
2021-09-08,19:10,19:14,92,2,149
2021-09-09,12:27,12:51,23,1,38
2021-09-09,18:47,19:21,640,19,1005
2021-09-10,14:43,14:47,54,1,88
2021-09-10,17:54,18:11,107,3,173
2021-09-10,18:41,18:59,451,12,676
2021-09-10,19:14,19:30,659,21,1054
2021-09-10,21:06,21:34,146,6,235
2021-09-10,23:15,23:32,195,6,297
2021-09-11,08:33,08:48,124,3,199
2021-09-11,09:37,09:41,65,2,105
2021-09-11,21:50,21:59,102,2,164
2021-09-12,09:28,09:43,101,3,162
2021-09-12,12:16,12:25,109,3,176
2021-09-12,15:11,15:27,162,6,261
2021-09-12,16:08,16:19,128,3,206
2021-09-12,16:28,16:32,89,2,144
2021-09-13,17:17,17:32,99,4,159
2021-09-14,08:37,08:41,84,3,135
2021-09-14,17:13,17:41,118,4,190
2021-09-14,18:37,19:05,697,23,1081
2021-09-15,10:48,11:11,128,4,206
2021-09-15,11:37,11:41,77,1,125
2021-09-15,13:52,13:59,83,3,134
2021-09-15,18:38,18:54,266,8,428
2021-09-15,19:24,19:31,353,10,567
2021-09-15,21:21,21:27,119,4,192
2021-09-16,17:36,17:41,145,3,234
2021-09-16,19:04,19:24,587,17,936
2021-09-16,22:59,23:03,76,2,123
2021-09-16,23:46,23:59,243,5,391
2021-09-17,08:30,08:34,61,2,99
2021-09-17,11:38,11:44,112,3,181
2021-09-17,11:48,12:09,423,12,646
2021-09-17,17:38,17:47,125,4,201
2021-09-17,18:28,18:53,353,11,544
2021-09-17,19:04,19:13,484,14,755
2021-09-17,19:20,19:27,101,3,162
2021-09-17,19:28,19:44,76,3,123
2021-09-17,19:45,19:53,147,4,237
2021-09-17,20:39,20:47,130,3,210
2021-09-19,08:54,08:58,59,2,96
2021-09-19,15:24,15:28,59,2,95
2021-09-20,09:01,09:27,98,4,158
2021-09-20,10:28,10:55,148,5,238
2021-09-20,17:32,17:48,64,2,103
2021-09-20,18:37,19:04,468,12,751
2021-09-20,19:06,19:27,197,7,302
2021-09-20,20:07,20:14,122,3,196
2021-09-20,23:28,23:33,134,3,215
2021-09-20,23:34,23:45,79,2,127
2021-09-21,08:16,08:35,85,3,137
2021-09-21,18:53,19:15,378,15,531
2021-09-21,19:16,19:26,226,6,363
2021-09-22,14:03,14:16,220,7,353
2021-09-22,17:34,17:57,71,2,115
2021-09-22,18:38,18:49,229,5,368
2021-09-22,18:51,19:04,85,3,137
2021-09-22,19:05,19:14,446,14,703
2021-09-22,21:04,21:24,81,3,130
2021-09-23,17:16,17:21,92,2,149
2021-09-23,17:37,17:52,81,2,131
2021-09-23,18:55,18:59,111,2,178
2021-09-23,19:21,19:31,541,17,850
2021-09-23,23:49,23:56,157,4,253
2021-09-24,08:49,09:05,77,2,125
2021-09-24,17:35,17:48,85,2,137
2021-09-24,18:55,19:14,364,13,523
2021-09-25,10:15,10:26,203,8,275
2021-09-25,11:47,11:51,98,2,158
2021-09-25,17:49,18:09,104,3,167
2021-09-26,08:12,08:28,117,3,189
2021-09-26,20:02,20:06,74,2,119
2021-09-26,21:32,21:46,134,3,216
2021-09-27,08:48,08:52,112,2,180
2021-09-27,09:06,09:17,346,9,556
2021-09-27,09:18,09:23,501,16,668
2021-09-27,10:18,10:34,1371,44,1870
2021-09-27,10:35,10:43,182,4,292
2021-09-27,10:52,10:59,228,5,367
2021-09-27,19:10,19:31,79,3,127
2021-09-27,21:46,21:57,112,3,181
2021-09-27,23:28,23:32,92,2,149
2021-09-28,08:05,08:53,247,8,397
2021-09-28,10:39,10:43,58,2,94
2021-09-28,11:28,11:43,96,3,154
2021-09-28,12:47,13:01,113,2,182
2021-09-28,17:26,17:31,69,2,111
2021-09-29,08:32,08:44,69,3,112
2021-09-29,10:23,10:36,51,1,82
2021-09-29,10:50,11:06,50,2,81
2021-09-29,12:29,12:44,728,22,1055
2021-09-29,13:38,13:52,282,8,442
2021-09-29,16:34,16:48,1253,40,1684
2021-09-29,16:58,17:08,370,9,594
2021-09-30,14:21,15:21,100,3,161
2021-09-30,17:04,17:39,151,4,243
2021-09-30,21:17,21:36,81,2,131
2021-10-01,08:26,08:45,79,2,128
2021-10-01,09:21,09:29,402,12,646
2021-10-01,09:31,09:46,55,2,89
2021-10-01,10:08,10:12,71,2,115
2021-10-01,10:48,10:58,98,2,158
2021-10-01,12:27,12:37,90,3,145
2021-10-01,12:53,13:06,444,13,690
2021-10-01,13:36,13:43,261,8,399
2021-10-01,16:32,16:37,396,13,533
2021-10-01,18:14,18:19,53,1,85
2021-10-01,20:31,20:48,65,2,105
2021-10-03,15:25,15:38,50,1,81
2021-10-03,17:52,18:13,97,3,156
2021-10-04,20:20,20:32,112,4,181
2021-10-04,21:32,21:42,122,3,196
2021-10-04,23:33,23:54,122,3,196
2021-10-05,12:28,12:43,82,3,133
2021-10-05,12:44,12:54,394,10,629
2021-10-05,13:39,13:46,272,7,431
2021-10-05,16:34,16:48,1306,42,1745
2021-10-05,21:30,21:51,135,4,218
2021-10-05,23:42,23:52,206,7,331
2021-10-07,08:40,08:55,56,2,91
2021-10-07,09:12,09:35,124,4,200
2021-10-08,12:14,12:43,137,4,221
2021-10-08,12:48,13:03,622,18,916
2021-10-08,16:38,16:52,1321,43,1728
2021-10-08,16:53,17:04,298,8,479
2021-10-08,17:55,18:10,79,3,128
2021-10-08,18:21,18:39,102,4,165
2021-10-08,19:22,19:35,43,1,70
2021-10-08,21:22,21:40,87,3,140
2021-10-09,07:44,07:55,62,2,101
2021-10-09,08:13,08:29,197,5,316
2021-10-09,08:34,08:38,76,2,123
2021-10-09,11:03,11:15,95,3,153
2021-10-09,14:19,14:33,100,2,161
2021-10-09,17:37,17:57,72,2,117
2021-10-10,07:54,08:10,79,2,128
2021-10-10,12:22,12:39,56,2,91
2021-10-10,15:13,15:30,66,1,107
2021-10-10,18:52,18:56,60,2,97
2021-10-10,21:46,21:56,86,2,139
2021-10-11,07:51,08:08,84,3,136
2021-10-11,08:25,08:32,107,2,173
2021-10-11,09:37,09:51,123,2,198
2021-10-11,12:29,12:38,104,2,168
2021-10-11,12:42,12:56,339,9,544
2021-10-11,13:33,13:43,392,12,622
2021-10-11,16:38,16:50,1200,39,1525
2021-10-11,16:51,17:05,345,9,554
2021-10-12,08:23,08:27,48,1,78
2021-10-12,10:40,10:46,173,3,278
2021-10-12,11:46,11:50,97,2,157
2021-10-12,15:01,15:15,73,2,118
2021-10-12,17:22,17:47,109,3,175
2021-10-13,10:09,10:16,215,5,345
2021-10-13,11:33,11:51,100,3,161
2021-10-13,12:20,12:25,74,2,119
2021-10-13,12:35,12:41,188,5,303
2021-10-13,12:42,12:47,512,16,656
2021-10-13,13:41,13:45,198,6,306
2021-10-13,16:36,16:50,1360,44,1713
2021-10-13,16:51,17:01,426,12,677
2021-10-14,14:29,14:34,137,4,220
2021-10-14,14:43,15:12,202,8,325
2021-10-14,15:57,16:01,147,3,237
2021-10-14,16:03,16:31,112,4,181
2021-10-14,17:16,17:24,103,2,166
2021-10-14,17:46,17:50,71,2,114
2021-10-14,17:51,18:29,176,7,283
2021-10-14,18:35,19:01,227,7,364
2021-10-15,08:50,08:54,89,3,143
2021-10-15,18:08,18:33,227,7,364
2021-10-15,20:39,20:44,131,3,211
2021-10-15,21:48,22:17,116,3,187
2021-10-16,10:41,10:58,87,3,140
2021-10-16,13:00,13:24,562,16,898
2021-10-16,13:40,13:44,190,5,306
2021-10-16,15:07,15:20,1228,39,1611
2021-10-16,15:21,15:30,326,8,524
2021-10-16,16:36,16:40,92,2,148
2021-10-16,16:53,16:57,148,3,228
2021-10-16,17:08,17:12,105,2,169
2021-10-16,18:59,19:04,165,3,265
2021-10-16,19:30,19:47,54,2,87
2021-10-16,20:32,20:48,96,3,155
2021-10-17,19:08,19:25,183,6,264
2021-10-17,19:26,19:30,81,2,131
2021-10-17,20:53,21:11,942,29,1502
2021-10-18,09:11,09:34,117,3,189
2021-10-18,11:31,11:49,178,5,286
2021-10-18,11:50,11:56,171,4,275
2021-10-18,12:48,12:53,121,2,195
2021-10-18,14:54,15:00,86,2,139
2021-10-18,16:54,17:18,189,6,304
2021-10-18,19:30,19:48,350,10,543
2021-10-18,21:42,22:05,84,3,136
2021-10-19,08:56,09:01,64,2,104
2021-10-19,14:47,14:53,71,2,115
2021-10-19,17:20,17:47,121,3,195
2021-10-19,18:49,19:24,398,12,584
2021-10-20,12:24,12:29,104,3,168
2021-10-20,12:36,13:09,2745,90,3671
2021-10-20,13:10,13:18,547,18,829
2021-10-20,15:31,15:35,72,2,116
2021-10-20,17:34,17:53,1594,52,2067
2021-10-20,19:20,19:24,72,2,116
2021-10-20,20:19,20:26,142,4,229
2021-10-20,21:59,22:03,115,3,185
2021-10-21,08:51,08:55,83,2,134
2021-10-21,13:27,13:31,45,1,73
2021-10-21,15:15,15:20,59,2,96
2021-10-21,19:01,19:19,356,9,572
2021-10-21,19:37,19:45,444,13,706
2021-10-22,11:23,11:50,180,6,289
2021-10-22,17:26,17:30,54,2,88
2021-10-22,17:36,17:45,69,3,111
2021-10-22,19:04,19:11,113,3,182
2021-10-23,11:47,12:20,213,9,343
2021-10-23,12:31,12:41,77,4,125
2021-10-23,13:54,14:15,182,5,293
2021-10-23,17:53,18:21,212,7,341
2021-10-24,16:28,16:42,69,2,111
2021-10-24,19:26,19:32,123,3,198
2021-10-25,10:32,10:43,66,2,107
2021-10-25,10:46,10:50,86,2,138
2021-10-25,11:17,11:41,215,6,346
2021-10-25,13:19,13:34,66,2,106
2021-10-25,14:33,14:46,80,2,129
2021-10-25,17:52,18:02,96,3,154
2021-10-25,23:54,23:58,53,2,85
2021-10-26,09:00,09:04,53,2,86
2021-10-26,11:08,11:14,125,3,202
2021-10-26,11:52,12:05,87,2,141
2021-10-26,17:57,18:18,87,3,140
2021-10-26,19:13,19:17,305,10,405
2021-10-26,21:50,21:55,82,2,133
2021-10-27,13:31,13:37,92,2,148
2021-10-27,18:03,18:17,70,2,113
2021-10-27,19:03,19:23,362,10,547
2021-10-27,20:48,21:04,89,3,143
2021-10-28,10:52,11:11,36,1,58
2021-10-28,14:29,14:43,64,2,104
2021-10-28,17:12,17:33,80,3,129
2021-10-28,19:14,19:38,530,15,816
2021-10-28,20:17,20:21,86,2,138
2021-10-29,11:33,11:38,102,3,165
2021-10-29,12:03,12:18,125,3,202
2021-10-29,12:40,12:47,142,3,228
2021-10-29,15:21,15:36,104,3,168
2021-10-29,18:58,19:16,442,12,685
2021-10-30,09:12,09:31,120,4,194
2021-10-30,11:45,12:04,217,6,348
2021-10-30,12:06,12:14,316,8,507
2021-10-30,14:19,14:34,423,12,654
2021-10-30,15:16,15:35,52,1,84
2021-10-30,18:11,18:15,64,2,103
2021-10-30,18:32,18:38,118,2,190
2021-10-30,21:39,22:01,85,2,137
2021-10-31,12:06,12:14,48,1,77
2021-10-31,14:42,15:00,104,3,168
2021-10-31,17:13,17:23,91,2,147
2021-10-31,19:49,20:07,415,10,666
2021-10-31,21:05,21:20,256,8,411
2021-10-31,21:27,21:44,68,2,110
2021-11-01,08:36,08:56,91,4,146
2021-11-01,13:07,13:23,71,2,114
2021-11-01,17:44,18:02,97,3,157
2021-11-01,18:12,18:24,102,3,165
2021-11-01,19:08,19:34,429,13,637
2021-11-01,21:45,21:49,146,3,226
2021-11-02,09:45,10:12,82,3,133
2021-11-02,17:25,17:45,155,4,249
2021-11-02,19:16,19:31,262,8,404
2021-11-02,19:34,19:40,144,3,231
2021-11-02,19:42,19:57,138,3,222
2021-11-02,21:41,21:45,93,2,150
2021-11-03,10:07,10:27,104,4,167
2021-11-03,10:28,10:33,174,4,280
2021-11-03,10:51,10:56,133,4,214
2021-11-03,12:15,12:35,233,7,374
2021-11-03,14:11,14:23,143,4,218
2021-11-03,15:39,15:57,99,4,160
2021-11-03,15:58,16:02,46,2,75
2021-11-03,16:46,17:17,119,4,192
2021-11-03,21:38,21:47,97,4,157
2021-11-04,08:36,08:45,72,3,116
2021-11-04,17:43,17:54,136,5,219
2021-11-04,19:09,19:34,507,18,733
2021-11-04,20:53,20:57,76,2,123
2021-11-04,22:33,22:37,96,3,155
2021-11-04,23:29,23:34,42,1,68
2021-11-05,08:44,09:08,85,3,137
2021-11-05,10:28,10:50,244,8,387
2021-11-05,11:02,11:08,243,5,390
2021-11-05,11:23,11:31,157,4,252
2021-11-05,17:45,18:04,94,3,151
2021-11-05,19:50,20:10,114,3,183
2021-11-05,21:48,22:04,86,2,139
2021-11-06,05:26,05:34,215,6,345
2021-11-06,07:22,07:26,102,2,164
2021-11-06,07:41,07:48,186,4,299
2021-11-06,12:09,12:23,179,6,286
2021-11-06,12:26,12:39,324,9,508
2021-11-06,12:41,13:00,263,7,414
2021-11-06,13:01,13:08,174,5,280
2021-11-06,13:58,14:15,187,4,301
2021-11-06,14:38,15:02,412,13,632
2021-11-06,15:03,15:08,397,13,577
2021-11-06,15:52,16:00,180,5,290
2021-11-06,16:01,16:11,381,12,580
2021-11-06,16:31,16:35,131,3,211
2021-11-06,16:49,17:07,304,8,480
2021-11-06,17:12,17:28,303,9,486
2021-11-06,17:30,17:52,265,8,424
2021-11-06,17:53,18:16,291,9,468
2021-11-06,18:18,18:35,154,4,247
2021-11-06,18:44,18:58,334,11,497
2021-11-06,19:27,19:34,125,3,201
2021-11-06,20:12,20:30,109,4,175
2021-11-06,20:58,21:19,112,3,181
2021-11-06,22:14,22:21,129,5,208
2021-11-07,06:45,06:51,180,4,290
2021-11-07,07:12,07:22,291,8,467
2021-11-07,07:54,08:31,1354,39,2144
2021-11-07,08:53,09:12,916,29,1437
2021-11-07,09:13,09:20,282,7,451
2021-11-07,10:42,10:46,62,2,100
2021-11-07,10:47,11:18,488,15,752
2021-11-07,11:19,11:27,149,5,239
2021-11-07,12:04,12:13,341,11,546
2021-11-07,15:33,15:43,62,2,100
2021-11-07,16:36,16:44,581,19,860
2021-11-07,16:51,17:01,480,15,747
2021-11-07,20:26,20:30,96,2,154
2021-11-07,20:45,20:50,148,5,238
2021-11-07,21:42,22:04,82,2,132
2021-11-08,06:29,06:36,135,3,217
2021-11-08,10:48,10:52,94,2,152
2021-11-08,17:44,18:05,144,5,232
2021-11-08,18:16,18:22,116,3,187
2021-11-08,19:22,19:26,99,2,159
2021-11-08,20:52,21:07,115,2,185
2021-11-09,08:35,08:54,137,5,221
2021-11-09,09:53,10:23,144,4,231
2021-11-09,11:23,11:33,86,2,139
2021-11-09,12:03,12:17,102,2,165
2021-11-09,12:37,12:45,71,2,115
2021-11-09,19:40,19:45,127,3,204
2021-11-09,21:42,21:59,103,3,166
2021-11-10,07:58,08:02,70,2,113
2021-11-10,12:09,12:31,164,6,264
2021-11-10,13:11,13:17,104,2,167
2021-11-11,10:21,10:33,345,11,539
2021-11-11,17:43,17:49,79,3,127
2021-11-11,23:25,23:32,45,1,73
2021-11-12,07:13,07:18,102,3,165
2021-11-12,07:45,07:53,155,4,250
2021-11-12,08:17,08:21,159,4,255
2021-11-12,10:14,10:41,189,7,304
2021-11-12,12:27,12:45,193,4,311
2021-11-12,12:52,13:09,52,2,84
2021-11-12,13:15,13:32,103,4,166
2021-11-12,21:07,21:11,109,2,176
2021-11-12,22:02,22:07,130,3,210
2021-11-13,06:56,07:03,198,4,319
2021-11-13,08:22,08:33,99,3,159
2021-11-13,09:09,09:16,89,2,144
2021-11-13,12:55,13:06,111,4,178
2021-11-13,14:10,14:16,187,3,301
2021-11-13,17:23,17:42,129,4,208
2021-11-13,19:58,20:21,114,3,184
2021-11-13,21:42,21:50,102,2,165
2021-11-14,15:20,15:39,97,3,157
2021-11-14,17:24,17:40,82,3,132
2021-11-15,06:59,07:05,68,3,110
2021-11-15,15:28,15:43,87,3,140
2021-11-15,22:12,22:18,157,4,252
2021-11-16,07:32,07:46,63,2,102
2021-11-16,09:25,09:33,205,4,329
2021-11-16,10:21,10:36,119,3,191
2021-11-16,10:39,10:47,238,5,383
2021-11-16,12:20,12:27,274,7,431
2021-11-16,13:25,13:35,66,2,107
2021-11-16,14:40,14:46,96,2,154
2021-11-16,14:56,15:02,101,2,163
2021-11-16,15:04,15:24,119,3,192
2021-11-16,20:40,20:44,57,2,92
2021-11-17,07:00,07:32,353,11,566
2021-11-17,07:33,07:40,174,5,279
2021-11-17,07:41,07:54,122,4,197
2021-11-17,09:22,09:40,56,1,91
2021-11-17,11:13,11:18,105,3,169
2021-11-17,11:20,11:37,92,3,148
2021-11-17,11:46,12:14,214,7,344
2021-11-17,12:15,12:19,84,2,136
2021-11-17,12:35,12:49,117,3,188
2021-11-17,14:51,15:04,72,2,117
2021-11-17,17:41,18:04,159,5,255
2021-11-18,06:54,06:58,51,2,82
2021-11-18,06:59,07:36,363,13,583
2021-11-18,16:56,17:15,115,3,185
2021-11-19,07:00,07:14,134,4,216
2021-11-19,07:30,07:37,158,4,254
2021-11-19,08:39,08:56,82,3,132
2021-11-19,09:50,09:57,198,3,318
2021-11-19,10:52,10:58,122,3,197
2021-11-19,11:39,11:43,137,3,221
2021-11-19,17:33,17:51,71,3,114
2021-11-19,20:02,20:06,92,2,148
2021-11-20,06:37,06:49,136,6,219
2021-11-20,06:51,07:05,127,4,204
2021-11-20,07:06,07:24,241,7,387
2021-11-20,07:36,07:40,245,6,387
2021-11-20,11:27,11:41,307,8,493
2021-11-20,11:42,11:56,1267,41,1666
2021-11-20,11:57,12:04,192,5,305
2021-11-20,12:51,13:06,1173,39,1634
2021-11-20,13:07,13:14,427,12,630
2021-11-20,13:46,13:51,204,6,316
2021-11-20,13:58,14:13,1080,35,1541
2021-11-20,14:14,14:19,345,10,489
2021-11-20,14:44,14:49,326,10,514
2021-11-20,14:50,14:56,159,3,256
2021-11-20,15:42,16:01,1619,52,2121
2021-11-20,22:33,22:49,132,3,213
2021-11-21,09:36,09:53,81,3,130
2021-11-21,15:25,15:42,142,3,228
2021-11-22,06:55,07:08,138,3,222
2021-11-22,07:10,07:17,141,3,227
2021-11-22,07:27,07:38,167,4,268
2021-11-22,11:12,11:16,145,4,234
2021-11-22,15:57,16:21,106,4,171
2021-11-22,16:22,16:28,99,2,160
2021-11-22,16:30,16:47,96,2,155
2021-11-22,21:26,21:36,90,2,145
2021-11-23,08:55,09:10,53,1,85
2021-11-23,11:21,11:41,59,1,96
2021-11-23,17:18,17:41,121,4,195
2021-11-23,18:59,19:05,109,2,175
2021-11-23,21:12,21:54,303,9,487
2021-11-24,08:52,08:57,81,2,131
2021-11-24,10:29,10:33,123,2,198
2021-11-24,11:23,11:27,67,2,109
2021-11-24,14:22,14:26,84,2,135
2021-11-24,15:28,15:38,126,3,203
2021-11-24,17:08,17:12,89,2,143
2021-11-24,17:13,17:32,56,1,90
2021-11-25,08:59,09:03,40,1,65
2021-11-25,14:48,15:04,87,2,140
2021-11-25,17:54,18:12,149,5,239
2021-11-25,21:31,21:46,84,2,135
2021-11-25,22:17,22:26,203,6,327
2021-11-26,07:00,07:04,72,2,117
2021-11-26,07:06,07:33,278,7,447
2021-11-26,07:34,07:38,139,4,190
2021-11-26,07:39,07:50,114,3,184
2021-11-26,11:52,12:02,127,3,205
2021-11-26,21:33,21:37,92,2,149
2021-11-27,07:52,07:56,187,5,286
2021-11-27,17:08,17:14,74,2,120
2021-11-27,17:30,17:34,43,1,69
2021-11-27,18:36,18:41,127,3,204
2021-11-27,22:58,23:03,131,3,211
2021-11-28,12:25,12:32,183,5,294
2021-11-28,14:37,14:54,188,4,303
2021-11-28,15:02,15:09,182,5,293
2021-11-28,15:14,15:29,1340,43,1755
2021-11-28,16:02,16:09,538,17,790
2021-11-28,16:15,16:22,306,10,473
2021-11-28,16:29,16:52,626,18,994
2021-11-28,17:04,17:24,358,9,575
2021-11-28,17:26,17:39,198,7,302
2021-11-28,17:40,17:48,248,5,398
2021-11-28,18:38,19:09,337,11,531
2021-11-28,19:10,19:14,381,12,524
2021-11-28,19:15,19:19,189,4,277
2021-11-28,19:33,19:47,555,18,840
2021-11-28,21:57,22:11,720,23,1086
2021-11-28,22:14,22:18,317,10,434
2021-11-28,22:19,22:23,167,3,268
2021-11-28,22:33,22:41,103,3,166
2021-11-28,23:25,23:41,235,8,377
2021-11-29,10:46,10:52,99,2,159
2021-11-29,11:21,11:25,271,8,402
2021-11-29,11:26,11:31,93,2,150
2021-11-29,11:51,12:01,75,3,121
2021-11-29,12:16,12:35,645,17,1026
2021-11-29,12:41,12:56,451,13,718
2021-11-29,12:57,13:01,361,12,510
2021-11-29,13:02,13:09,449,14,677
2021-11-29,13:16,13:23,670,21,879
2021-11-29,13:39,13:46,633,20,853
2021-11-29,14:33,14:37,290,8,432
2021-11-29,14:38,14:53,1239,41,1684
2021-11-29,18:11,18:28,85,3,137
2021-11-29,19:14,19:18,71,2,114
2021-11-29,19:30,19:49,76,3,122
2021-11-30,08:53,09:07,102,2,165
2021-11-30,11:05,11:11,100,3,161
2021-11-30,12:20,12:26,116,2,186
2021-11-30,13:50,14:01,116,4,187
2021-11-30,17:43,17:59,127,5,204
2021-11-30,19:44,19:49,111,2,178
2021-12-01,06:58,07:02,105,2,169
2021-12-01,07:10,07:27,206,7,331
2021-12-01,09:53,10:16,87,3,140
2021-12-01,14:48,14:58,116,2,187
2021-12-01,17:17,17:33,134,4,215
2021-12-01,17:56,18:14,349,9,527
2021-12-02,08:52,08:56,58,2,94
2021-12-02,17:14,17:19,77,2,125
2021-12-02,18:15,18:41,371,12,569
2021-12-03,12:28,12:33,74,2,120
2021-12-03,12:54,12:59,90,3,145
2021-12-04,08:45,09:12,173,7,278
2021-12-04,14:13,14:21,111,3,178
2021-12-04,17:29,17:37,111,3,179
2021-12-05,09:19,09:41,140,4,226
2021-12-05,11:50,11:59,132,3,212
2021-12-05,13:12,13:22,104,2,168
2021-12-05,13:27,13:36,201,5,323
2021-12-05,17:48,17:54,82,2,133
2021-12-05,18:18,18:42,162,5,261
2021-12-06,08:43,08:58,64,3,104
2021-12-06,09:01,09:15,220,8,354
2021-12-06,10:02,10:19,182,7,292
2021-12-06,10:34,11:02,369,12,592
2021-12-06,11:33,11:52,62,2,100
2021-12-06,12:50,13:10,88,2,142
2021-12-06,13:17,13:32,230,5,369
2021-12-06,16:03,16:07,71,2,115
2021-12-06,16:15,16:24,174,3,279
2021-12-06,16:35,16:44,217,6,348
2021-12-06,18:02,18:07,152,3,244
2021-12-06,18:09,18:23,101,2,162
2021-12-06,18:29,18:42,387,10,621
2021-12-06,20:04,20:16,338,9,539
2021-12-06,22:10,22:15,69,2,112
2021-12-07,08:35,08:56,531,13,842
2021-12-07,13:08,13:17,121,3,195
2021-12-07,13:44,13:51,164,4,263
2021-12-07,13:53,14:31,1005,32,1431
2021-12-07,16:22,16:29,95,3,153
2021-12-07,16:37,16:53,106,2,170
2021-12-07,17:23,17:28,130,3,210
2021-12-07,18:03,18:13,97,2,156
2021-12-07,18:20,18:26,112,3,181
2021-12-07,20:38,20:43,76,2,123
2021-12-14,21:30,21:53,167,4,269
2021-12-14,22:35,22:52,62,1,100
2021-12-15,08:21,08:52,361,11,580
2021-12-15,09:07,09:11,162,4,250
2021-12-15,09:30,09:34,187,5,300
2021-12-15,09:36,09:50,111,3,179
2021-12-15,09:59,10:21,208,6,335
2021-12-15,10:38,11:03,528,15,842
2021-12-15,11:44,11:58,882,29,1331
2021-12-15,12:09,12:25,59,1,95
2021-12-15,12:46,12:51,86,3,139
2021-12-15,12:53,13:06,56,1,91
2021-12-15,13:25,13:33,465,14,715
2021-12-15,13:46,13:51,200,6,321
2021-12-15,14:01,14:08,176,4,283
2021-12-15,14:41,14:55,458,13,708
2021-12-15,15:32,16:20,256,10,411
2021-12-15,18:18,18:23,105,3,169
2021-12-15,18:33,18:37,94,2,151
2021-12-15,18:49,18:54,187,3,300
2021-12-16,02:27,02:46,206,7,331
2021-12-16,02:50,02:58,165,4,266
2021-12-16,04:37,04:51,172,4,276
2021-12-16,04:55,05:00,129,4,208
2021-12-16,06:01,06:19,177,6,285
2021-12-16,06:21,06:37,397,11,637
2021-12-16,07:24,07:45,160,7,258
2021-12-16,08:03,08:08,123,2,198
2021-12-16,08:49,09:51,1473,41,2362
2021-12-16,09:59,10:25,665,16,1067
2021-12-16,10:28,10:43,162,6,260
2021-12-16,10:47,10:56,223,6,358
2021-12-16,10:59,11:14,148,5,238
2021-12-16,12:02,12:07,120,3,194
2021-12-16,12:29,12:39,154,4,248
2021-12-16,22:48,22:52,89,2,144
2021-12-17,09:31,09:37,158,3,254
2021-12-17,09:39,09:52,68,2,110
2021-12-17,11:26,12:05,630,20,1011
2021-12-17,12:52,12:57,96,3,154
2021-12-17,14:06,14:10,122,3,197
2021-12-17,14:12,14:36,178,5,286
2021-12-17,14:48,14:55,149,3,239
2021-12-17,15:03,15:19,161,5,259
2021-12-17,15:20,15:34,539,16,800
2021-12-17,16:12,16:33,135,5,218
2021-12-17,16:36,16:44,149,4,237
2021-12-17,16:51,17:27,1138,35,1709
2021-12-17,17:47,18:09,101,4,162
2021-12-17,18:10,18:24,1013,33,1473
2021-12-17,18:48,18:52,53,2,85
2021-12-17,19:00,19:04,152,4,235
2021-12-17,19:22,19:31,171,4,275
2021-12-17,19:41,19:57,108,3,174
2021-12-17,20:14,20:19,160,4,258
2021-12-17,20:42,21:01,323,9,518
2021-12-17,21:03,21:35,223,7,359
2021-12-17,22:00,22:19,91,2,147
2021-12-17,22:22,22:27,62,2,101
2021-12-18,07:22,07:30,338,7,542
2021-12-18,07:31,07:35,175,4,276
2021-12-18,07:37,07:55,118,3,190
2021-12-18,08:10,08:36,195,6,314
2021-12-18,08:42,09:01,651,19,1014
2021-12-18,09:51,09:55,58,2,93
2021-12-18,10:02,10:10,689,22,939
2021-12-18,10:11,10:15,185,5,293
2021-12-18,10:16,10:20,310,9,448
2021-12-18,10:21,10:54,289,9,464
2021-12-18,11:02,11:08,79,2,128
2021-12-18,14:46,15:16,243,7,391
2021-12-18,16:05,16:25,120,5,193
2021-12-18,18:15,18:19,101,2,163
2021-12-18,18:30,18:34,197,6,315
2021-12-18,18:58,19:05,167,4,269
2021-12-18,21:16,21:22,120,4,194
2021-12-18,22:47,22:51,115,3,185
2021-12-19,07:50,08:06,380,9,593
2021-12-19,09:28,09:44,336,8,540
2021-12-19,09:50,10:15,518,16,832
2021-12-19,10:41,10:48,193,5,311
2021-12-19,11:23,11:28,154,3,247
2021-12-19,11:30,11:49,187,7,300
2021-12-19,11:50,12:08,537,14,862
2021-12-19,12:18,12:32,459,10,737
2021-12-19,12:34,12:53,102,3,165
2021-12-19,13:01,13:08,239,6,361
2021-12-19,13:10,13:26,170,4,273
2021-12-19,13:37,13:43,186,4,299
2021-12-19,13:45,14:19,87,3,140
2021-12-19,14:44,14:48,199,6,312
2021-12-19,15:10,15:26,233,7,368
2021-12-19,15:27,15:31,76,2,122
2021-12-19,16:05,16:11,147,4,237
2021-12-19,16:20,16:33,132,2,212
2021-12-19,17:42,17:46,51,1,83
2021-12-19,17:58,18:14,156,3,251
2021-12-19,18:17,18:30,233,6,374
2021-12-19,18:58,19:16,522,15,806
2021-12-19,19:38,19:44,113,3,182
2021-12-19,19:46,20:05,143,4,230
2021-12-19,20:06,20:13,162,3,260
2021-12-19,20:29,20:34,160,4,255
2021-12-19,22:23,22:29,113,3,182
2021-12-19,22:44,22:52,164,5,263
2021-12-20,08:29,08:35,58,2,94
2021-12-20,09:08,09:12,101,2,162
2021-12-20,09:38,09:47,437,15,605
2021-12-20,09:53,09:58,101,2,162
2021-12-20,10:22,10:26,91,2,147
2021-12-20,10:56,11:04,115,3,185
2021-12-20,11:17,11:33,177,5,284
2021-12-20,13:17,13:34,134,4,216
2021-12-20,13:49,14:22,826,25,1230
2021-12-20,14:39,14:56,356,11,549
2021-12-20,15:03,15:12,203,6,327
2021-12-20,15:54,16:17,91,2,147
2021-12-20,16:25,16:30,294,9,467
2021-12-20,16:31,16:35,328,10,482
2021-12-20,16:36,16:51,540,14,866
2021-12-20,16:59,17:04,129,3,208
2021-12-20,17:06,17:46,481,17,759
2021-12-20,17:47,17:51,116,3,186
2021-12-20,18:56,19:03,387,12,589
2021-12-20,19:04,19:09,401,13,581
2021-12-20,19:10,19:14,129,3,207
2021-12-20,19:24,19:37,983,32,1392
2021-12-20,19:55,19:59,132,2,212
2021-12-20,20:11,20:19,403,13,601
2021-12-20,20:20,20:32,827,27,1240
2021-12-20,21:12,21:26,210,6,334
2021-12-20,21:27,21:31,333,10,478
2021-12-20,22:39,22:51,488,15,780
2021-12-21,08:32,08:37,106,3,171
2021-12-21,09:21,09:44,519,14,833
2021-12-21,09:45,09:54,440,14,608
2021-12-21,10:03,10:28,92,2,148
2021-12-21,10:29,10:35,454,14,655
2021-12-21,10:36,10:41,113,3,182
2021-12-21,10:52,11:04,675,21,998
2021-12-21,11:05,11:09,353,11,505
2021-12-21,11:31,11:46,225,6,361
2021-12-21,12:27,12:38,102,3,164
2021-12-21,13:14,13:21,225,6,361
2021-12-21,13:22,13:26,372,12,518
2021-12-21,13:27,13:32,343,10,503
2021-12-21,14:10,14:16,109,4,176
2021-12-21,16:34,16:38,53,2,85
2021-12-21,17:00,17:06,71,2,115
2021-12-21,17:40,17:46,179,5,287
2021-12-21,18:11,18:18,238,6,382
2021-12-21,18:32,18:38,193,4,311
2021-12-21,19:10,19:14,129,3,201
2021-12-21,20:30,20:35,67,1,108
2021-12-21,21:05,21:13,79,2,127
2021-12-22,09:54,10:12,164,3,264
2021-12-22,11:14,11:18,49,1,80
2021-12-22,14:27,14:33,79,3,128
2021-12-22,14:41,14:50,193,5,311
2021-12-22,17:45,17:50,112,3,180
2021-12-23,08:11,08:27,50,2,81
2021-12-23,11:20,11:29,111,3,179
2021-12-23,13:17,13:44,131,6,211
2021-12-23,18:08,18:39,690,22,1061
2021-12-23,18:53,19:15,429,13,671
2021-12-23,20:11,20:24,121,4,195
2021-12-23,22:01,22:14,206,6,331
2021-12-24,08:00,08:16,83,2,134
2021-12-24,14:31,14:35,155,4,250
2021-12-24,17:17,17:29,140,4,225
2021-12-24,19:30,19:37,68,2,110
2021-12-24,21:43,21:59,50,2,81
2021-12-24,22:32,22:36,44,1,72
2021-12-25,08:17,08:34,162,6,260
2021-12-25,10:42,11:00,392,9,629
2021-12-25,11:09,11:14,176,4,283
2021-12-25,11:28,11:37,227,5,364
2021-12-25,12:05,12:10,178,4,286
2021-12-25,13:10,13:14,227,6,365
2021-12-25,13:39,13:43,129,3,208
2021-12-25,14:02,14:19,183,7,295
2021-12-25,15:05,15:12,232,4,373
2021-12-25,15:32,15:37,129,2,207
2021-12-25,17:46,17:54,148,4,238
2021-12-25,18:02,18:07,123,3,198
2021-12-25,19:10,19:16,104,2,167
2021-12-25,22:15,22:21,163,4,262
2021-12-25,22:31,22:36,112,2,181
2021-12-26,08:03,08:14,75,3,121
2021-12-26,08:35,08:52,181,5,291
2021-12-26,09:04,09:34,625,17,1002
2021-12-26,09:58,10:13,308,8,494
2021-12-26,10:16,10:31,85,3,137
2021-12-26,10:34,10:40,124,3,200
2021-12-26,11:10,11:18,72,2,116
2021-12-26,16:25,16:38,565,16,877
2021-12-26,17:11,17:17,100,3,161
2021-12-26,17:43,18:00,120,4,193
2021-12-26,18:04,18:13,171,4,275
2021-12-26,18:15,18:39,483,15,741
2021-12-26,19:17,19:22,209,5,336
2021-12-26,21:48,22:02,88,2,142
2021-12-26,22:19,22:38,397,10,638
2021-12-27,07:57,08:01,87,2,141
2021-12-27,09:11,09:17,173,3,278
2021-12-27,09:34,09:43,75,2,121
2021-12-27,13:04,13:23,55,1,89
2021-12-27,14:42,14:51,276,7,443
2021-12-27,16:09,16:14,84,2,136
2021-12-27,16:24,16:38,203,7,327
2021-12-27,16:49,16:54,67,2,108
2021-12-27,16:55,17:07,66,3,107
2021-12-27,17:10,17:14,78,2,126
2021-12-27,17:37,17:44,91,3,147
2021-12-27,20:00,20:06,104,3,168
2021-12-27,20:13,20:20,103,3,166
2021-12-27,21:35,21:41,73,2,118
2021-12-28,07:45,08:00,125,4,201
2021-12-28,09:26,09:39,148,4,238
2021-12-28,14:35,14:54,165,5,265
2021-12-28,14:57,15:03,172,3,277
2021-12-28,15:21,15:45,218,6,350
2021-12-28,17:38,17:48,314,9,505
2021-12-28,17:59,18:20,583,16,933
2021-12-28,19:01,19:10,169,4,271
2021-12-28,21:38,22:10,275,6,441
2021-12-29,06:36,06:40,96,2,155
2021-12-29,06:53,07:05,242,5,389
2021-12-29,07:11,07:15,71,2,115
2021-12-29,08:53,08:57,64,2,103
2021-12-29,09:44,09:58,83,4,134
2021-12-29,11:07,11:28,114,3,183
2021-12-29,12:32,12:48,214,7,344
2021-12-29,13:38,13:45,184,5,296
2021-12-29,14:37,14:41,41,1,66
2021-12-29,15:19,15:38,197,6,316
2021-12-29,16:00,16:12,97,3,157
2021-12-29,18:22,18:32,283,6,454
2021-12-29,21:30,21:37,150,4,241
2021-12-30,07:27,07:41,161,5,259
2021-12-30,09:05,09:18,74,1,119
2021-12-30,13:34,13:40,130,3,210
2021-12-31,12:25,12:43,113,3,182
2021-12-31,18:00,18:08,101,2,162
2022-01-01,08:42,09:06,125,3,202
2021-01-01,08:13,08:33,74,2,120
2021-01-01,12:25,12:29,57,2,92
2021-01-01,12:31,12:46,62,3,101
2021-01-01,20:47,20:52,81,2,131
2021-01-02,13:34,13:41,179,6,271
2021-01-02,18:17,18:21,32,1,52
2021-01-02,20:00,20:18,93,2,150
2021-01-02,21:41,21:45,75,2,121
2021-01-03,09:46,10:03,112,3,180
2021-01-03,21:47,21:56,115,3,185
2021-01-04,08:15,08:33,74,3,119
2021-01-04,17:44,17:59,114,2,184
2021-01-05,08:14,08:28,64,2,103
2021-01-05,18:15,18:33,119,4,191
